id,category
60,Service
61,Quality
66,Other
67,Other
68,Design
69,Design
71,Design
74,Quality
75,Price
76,Other
82,Quality
84,Other
86,Quality
88,Quality
91,Design
93,Quality
95,Quality
96,Quality
97,Quality
98,Quality
99,Design
100,Other
102,Design
103,Quality
105,Other
108,Service
110,Design
111,Design
112,Quality
113,Design
116,Quality
117,Design
118,Quality
122,Design
126,Design
128,Design
129,Design
130,Design
136,Quality
138,Quality
139,Shipping
140,Other
141,Other
142,Design
144,Other
149,Quality
151,Quality
153,Design
154,Quality
155,Other
156,Design
157,Design
158,Quality
159,Quality
161,Design
162,Design
166,Quality
168,Design
169,Quality
172,Other
173,Design
174,Quality
178,Design
179,Quality
180,Quality
181,Service
182,Quality
183,Design
185,Design
186,Design
190,Quality
192,Design
193,Design
194,Design
196,Shipping
198,Quality
200,Design
202,Marketing
203,Design
204,Quality
205,Design
207,Quality
209,Design
210,Quality
211,Service
215,Quality
217,Design
218,Design
221,Design
222,Quality
223,Quality
224,Design
227,Other
230,Other
235,Design
236,Quality
237,Quality
239,Quality
242,Design
247,Quality
248,Quality
249,Design
251,Service
252,Quality
253,Design
254,Other
256,Design
257,Other
259,Other
260,Quality
261,Quality
263,Design
264,Quality
265,Quality
266,Other
267,Design
269,Design
273,Quality
274,Service
275,Design
277,Quality
278,Other
281,Design
282,Other
283,Design
287,Design
289,Design
290,Quality
291,Quality
294,Quality
296,Design
297,Design
299,Quality
300,Design
301,Quality
303,Design
307,Design
309,Design
311,Quality
312,Quality
314,Design
317,Other
319,Other
320,Design
321,Other
324,Other
330,Quality
331,Other
333,Design
334,Quality
336,Quality
339,Quality
340,Quality
343,Design
344,Design
345,Design
348,Design
351,Design
352,Quality
354,Design
356,Design
357,Design
358,Design
359,Quality
360,Quality
362,Quality
363,Quality
365,Design
367,Quality
368,Design
369,Design
370,Design
372,Quality
373,Quality
374,Quality
375,Design
377,Design
378,Shipping
379,Design
380,Design
381,Quality
382,Design
383,Quality
386,Design
388,Design
389,Quality
390,Quality
392,Design
394,Design
397,Design
398,Design
400,Design
402,Design
403,Design
404,Design
405,Design
406,Quality
407,Quality
408,Other
409,Other
411,Design
412,Design
413,Design
414,Design
416,Design
417,Quality
418,Quality
423,Quality
428,Design
429,Quality
430,Design
435,Design
438,Design
440,Design
441,Quality
442,Design
443,Design
444,Quality
446,Design
447,Quality
448,Design
450,Other
452,Price
454,Other
455,Quality
457,Design
458,Quality
459,Design
461,Quality
462,Design
463,Design
464,Design
466,Quality
468,Design
469,Design
470,Design
472,Quality
473,Quality
474,Price
476,Quality
479,Design
483,Design
484,Quality
485,Design
486,Design
489,Quality
491,Quality
494,Design
496,Quality
497,Design
501,Quality
503,Quality
505,Design
507,Design
508,Design
509,Quality
510,Quality
511,Price
512,Quality
515,Quality
518,Design
519,Other
520,Quality
524,Quality
525,Quality
526,Design
527,Quality
531,Design
532,Quality
534,Quality
535,Design
538,Quality
539,Other
541,Quality
542,Design
543,Design
547,Quality
548,Design
552,Design
555,Design
556,Quality
559,Quality
560,Quality
566,Quality
567,Design
568,Design
569,Quality
573,Design
575,Quality
576,Other
578,Quality
579,Design
580,Design
582,Price
584,Quality
585,Design
586,Quality
587,Design
588,Design
590,Design
591,Other
593,Other
594,Other
595,Other
596,Other
598,Design
599,Design
600,Design
601,Design
606,Design
607,Design
608,Quality
611,Design
612,Design
613,Design
615,Design
616,Quality
617,Design
620,Design
625,Quality
629,Design
632,Design
633,Service
634,Quality
638,Quality
641,Design
643,Quality
644,Quality
645,Design
646,Design
647,Design
651,Service
653,Quality
656,Design
657,Quality
661,Design
663,Design
665,Design
666,Quality
667,Design
668,Design
672,Design
674,Quality
675,Quality
677,Design
678,Design
681,Shipping
683,Design
687,Service
688,Quality
689,Design
691,Quality
692,Quality
693,Design
697,Quality
699,Other
701,Other
702,Quality
704,Other
705,Other
707,Other
708,Quality
710,Quality
713,Design
715,Quality
716,Quality
717,Design
720,Design
722,Design
723,Quality
724,Design
725,Compatibility
726,Other
728,Quality
729,Quality
731,Quality
732,Quality
734,Quality
736,Shipping
737,Design
739,Design
741,Design
744,Quality
746,Quality
748,Quality
749,Design
752,Design
753,Other
756,Design
759,Other
760,Other
762,Design
765,Other
768,Quality
770,Quality
771,Quality
772,Design
774,Design
775,Other
776,Design
778,Other
782,Price
784,Design
785,Quality
787,Quality
788,Quality
789,Design
790,Quality
791,Other
792,Design
795,Quality
801,Design
802,Quality
805,Design
808,Quality
810,Quality
811,Quality
819,Service
825,Design
826,Quality
827,Quality
828,Other
830,Shipping
833,Design
834,Quality
835,Design
836,Other
837,Other
840,Design
842,Quality
843,Design
844,Design
846,Design
847,Quality
848,Other
849,Design
850,Quality
853,Design
854,Design
855,Quality
857,Quality
860,Design
861,Design
862,Design
864,Quality
866,Service
868,Other
873,Other
874,Quality
876,Other
877,Design
878,Design
883,Quality
885,Quality
886,Quality
888,Design
892,Design
893,Design
896,Quality
897,Design
898,Design
899,Design
900,Design
902,Shipping
903,Quality
904,Design
906,Design
907,Quality
908,Quality
910,Design
917,Quality
918,Design
923,Quality
926,Shipping
927,Quality
928,Quality
929,Other
931,Quality
933,Other
935,Design
937,Design
940,Design
942,Design
943,Other
945,Quality
946,Design
947,Design
951,Design
954,Design
955,Design
956,Design
959,Design
960,Design
962,Quality
963,Design
964,Design
965,Design
967,Quality
968,Quality
970,Price
971,Design
972,Other
976,Design
978,Quality
979,Quality
981,Quality
986,Quality
991,Quality
993,Quality
994,Quality
995,Quality
997,Shipping
999,Quality
1001,Other
1003,Quality
1004,Design
1005,Design
1006,Quality
1009,Quality
1010,Design
1017,Design
1019,Quality
1024,Quality
1026,Design
1031,Design
1033,Design
1034,Quality
1036,Quality
1037,Other
1039,Design
1040,Design
1042,Design
1044,Design
1047,Design
1048,Other
1052,Other
1053,Quality
1054,Design
1055,Quality
1056,Design
1057,Design
1058,Design
1062,Design
1063,Design
1064,Design
1065,Design
1067,Design
1069,Design
1072,Other
1073,Shipping
1076,Design
1082,Design
1084,Quality
1086,Quality
1087,Other
1089,Quality
1090,Design
1091,Quality
1095,Quality
1097,Design
1098,Quality
1099,Quality
1102,Design
1103,Quality
1104,Design
1105,Service
1109,Design
1111,Quality
1112,Design
1113,Quality
1117,Quality
1119,Design
1120,Quality
1122,Design
1123,Quality
1125,Quality
1126,Quality
1129,Quality
1130,Quality
1132,Quality
1133,Quality
1135,Design
1136,Design
1140,Design
1143,Quality
1144,Design
1145,Quality
1146,Quality
1148,Price
1150,Quality
1152,Design
1153,Design
1154,Design
1155,Quality
1159,Design
1162,Quality
1163,Service
1164,Design
1165,Design
1167,Design
1169,Other
1170,Design
1171,Other
1173,Quality
1175,Quality
1177,Design
1182,Quality
1183,Other
1187,Design
1191,Quality
1192,Quality
1193,Design
1194,Quality
1195,Design
1196,Design
1198,Quality
1199,Design
1201,Quality
1202,Design
1203,Quality
1205,Design
1206,Design
1208,Design
1209,Quality
1210,Design
1216,Other
1217,Other
1218,Other
1220,Quality
1221,Quality
1223,Quality
1224,Quality
1226,Other
1227,Design
1228,Design
1230,Design
1232,Other
1233,Design
1235,Design
1236,Design
1237,Quality
1241,Quality
1243,Other
1244,Other
1248,Other
1249,Service
1252,Quality
1257,Design
1259,Design
1261,Design
1263,Shipping
1265,Other
1266,Quality
1269,Shipping
1271,Other
1274,Quality
1276,Other
1277,Quality
1279,Design
1280,Quality
1283,Design
1285,Design
1286,Design
1287,Quality
1289,Price
1291,Quality
1293,Design
1296,Other
1300,Design
1301,Design
1303,Design
1305,Quality
1306,Design
1311,Shipping
1314,Other
1315,Design
1316,Quality
1317,Design
1318,Quality
1319,Design
1321,Design
1323,Quality
1325,Service
1327,Design
1328,Quality
1330,Quality
1331,Design
1332,Service
1336,Shipping
1337,Quality
1339,Design
1340,Quality
1344,Quality
1345,Quality
1346,Design
1354,Design
1360,Quality
1361,Design
1365,Other
1367,Design
1368,Quality
1372,Other
1373,Quality
1374,Design
1375,Design
1377,Design
1378,Design
1379,Design
1380,Design
1381,Shipping
1383,Design
1384,Quality
1385,Other
1387,Quality
1389,Quality
1390,Quality
1391,Design
1393,Design
1395,Other
1399,Quality
1400,Design
1402,Quality
1406,Quality
1407,Quality
1408,Design
1411,Quality
1412,Quality
1413,Price
1415,Design
1416,Other
1419,Quality
1420,Quality
1421,Quality
1422,Quality
1424,Design
1426,Other
1429,Design
1430,Quality
1431,Quality
1432,Quality
1433,Design
1434,Design
1435,Quality
1436,Quality
1438,Design
1439,Design
1441,Design
1442,Design
1443,Design
1444,Quality
1445,Design
1446,Quality
1447,Quality
1448,Design
1449,Design
1450,Quality
1451,Design
1452,Design
1453,Design
1455,Design
1456,Other
1457,Quality
1462,Design
1463,Quality
1464,Quality
1466,Design
1467,Design
1470,Quality
1473,Design
1474,Quality
1475,Design
1477,Other
1481,Quality
1483,Other
1484,Quality
1490,Design
1495,Quality
1496,Quality
1497,Design
1501,Quality
1503,Other
1505,Quality
1506,Quality
1510,Other
1512,Other
1515,Price
1517,Design
1518,Design
1519,Other
1522,Quality
1526,Design
1527,Other
1529,Other
1532,Other
1535,Service
1536,Design
1537,Service
1538,Shipping
1539,Design
1540,Design
1544,Quality
1548,Quality
1549,Quality
1550,Shipping
1554,Quality
1555,Design
1557,Design
1560,Design
1561,Quality
1562,Other
1564,Design
1566,Quality
1569,Quality
1570,Service
1574,Quality
1575,Other
1576,Quality
1577,Design
1578,Design
1582,Other
1585,Other
1586,Quality
1588,Quality
1590,Design
1591,Other
1592,Design
1595,Design
1596,Quality
1598,Design
1599,Price
1600,Design
1601,Quality
1602,Design
1604,Design
1606,Design
1613,Quality
1615,Quality
1617,Quality
1620,Other
1623,Design
1627,Quality
1629,Design
1630,Design
1632,Price
1633,Design
1634,Quality
1635,Quality
1639,Design
1640,Design
1642,Quality
1644,Quality
1645,Design
1650,Quality
1653,Price
1656,Design
1657,Design
1658,Other
1664,Other
1665,Design
1666,Design
1667,Design
1668,Design
1670,Design
1671,Design
1679,Design
1687,Quality
1689,Quality
1691,Service
1693,Price
1694,Quality
1695,Design
1696,Design
1697,Quality
1699,Design
1702,Quality
1704,Design
1705,Quality
1706,Design
1707,Quality
1709,Design
1713,Design
1714,Design
1718,Design
1720,Design
1721,Design
1722,Design
1726,Other
1727,Quality
1728,Quality
1731,Quality
1732,Design
1733,Quality
1736,Shipping
1737,Design
1738,Quality
1741,Design
1743,Design
1747,Design
1752,Quality
1754,Design
1756,Design
1757,Design
1761,Design
1763,Quality
1764,Quality
1766,Other
1767,Design
1768,Service
1771,Other
1772,Other
1774,Design
1775,Design
1777,Design
1778,Quality
1779,Quality
1782,Quality
1783,Design
1785,Quality
1786,Quality
1787,Shipping
1789,Quality
1791,Other
1792,Quality
1793,Other
1794,Quality
1796,Quality
1797,Quality
1798,Design
1801,Quality
1803,Design
1805,Design
1807,Design
1808,Design
1812,Design
1813,Design
1814,Design
1816,Quality
1817,Design
1818,Design
1819,Design
1820,Design
1822,Design
1823,Quality
1824,Design
1825,Design
1826,Quality
1827,Design
1828,Quality
1829,Other
1830,Other
1831,Quality
1832,Quality
1836,Design
1839,Design
1841,Quality
1842,Other
1843,Design
1844,Other
1846,Other
1847,Quality
1848,Design
1849,Design
1852,Quality
1853,Quality
1854,Design
1857,Design
1859,Design
1860,Quality
1864,Design
1866,Design
1870,Quality
1871,Design
1876,Other
1879,Design
1881,Design
1883,Quality
1887,Design
1890,Quality
1891,Quality
1892,Design
1893,Shipping
1896,Quality
1899,Design
1900,Quality
1902,Service
1905,Quality
1906,Other
1907,Design
1908,Design
1910,Quality
1911,Design
1912,Design
1916,Design
1919,Quality
1920,Design
1921,Design
1924,Quality
1925,Design
1926,Service
1929,Quality
1930,Design
1931,Quality
1932,Quality
1936,Shipping
1939,Quality
1941,Quality
1943,Quality
1944,Quality
1946,Price
1947,Quality
1950,Quality
1954,Design
1955,Other
1956,Shipping
1957,Quality
1958,Quality
1960,Design
1963,Design
1964,Quality
1965,Design
1967,Design
1968,Quality
1969,Design
1971,Design
1972,Quality
1976,Design
1977,Design
1980,Quality
1981,Quality
1982,Design
1983,Other
1984,Design
1985,Other
1986,Other
1988,Other
1990,Design
1992,Service
1993,Price
1995,Design
1996,Quality
1997,Quality
1998,Design
1999,Quality
2003,Design
2005,Design
2008,Design
2009,Design
2010,Service
2012,Quality
2013,Design
2014,Design
2015,Design
2019,Quality
2020,Design
2022,Quality
2023,Other
2025,Quality
2027,Quality
2028,Quality
2029,Shipping
2033,Design
2034,Quality
2036,Design
2037,Quality
2039,Quality
2040,Quality
2042,Quality
2043,Design
2047,Design
2049,Design
2051,Design
2052,Design
2055,Quality
2057,Design
2058,Quality
2059,Other
2060,Other
2061,Other
2065,Design
2066,Design
2067,Design
2068,Other
2070,Design
2071,Design
2072,Design
2074,Quality
2075,Design
2076,Quality
2078,Shipping
2079,Design
2081,Quality
2082,Design
2083,Design
2088,Design
2089,Quality
2090,Other
2091,Quality
2094,Design
2095,Quality
2100,Quality
2102,Quality
2103,Quality
2105,Design
2106,Quality
2108,Quality
2110,Design
2111,Design
2112,Design
2114,Quality
2116,Design
2117,Shipping
2119,Quality
2121,Design
2122,Design
2123,Design
2128,Design
2130,Quality
2131,Design
2132,Quality
2136,Design
2137,Design
2141,Design
2143,Design
2144,Design
2147,Quality
2150,Design
2154,Shipping
2155,Quality
2156,Design
2157,Design
2159,Quality
2160,Design
2161,Quality
2162,Quality
2163,Design
2166,Price
2171,Quality
2172,Design
2176,Design
2178,Design
2183,Design
2184,Design
2185,Quality
2189,Design
2191,Quality
2193,Quality
2194,Design
2195,Other
2197,Design
2198,Other
2199,Design
2201,Quality
2202,Service
2204,Quality
2206,Price
2210,Design
2215,Design
2216,Quality
2217,Design
2218,Design
2219,Quality
2222,Quality
2225,Design
2226,Design
2227,Design
2229,Design
2230,Quality
2233,Quality
2237,Design
2238,Other
2239,Other
2240,Quality
2242,Quality
2243,Other
2245,Design
2246,Design
2247,Design
2248,Quality
2249,Quality
2250,Design
2252,Design
2254,Quality
2255,Design
2259,Quality
2262,Quality
2263,Design
2265,Design
2271,Quality
2273,Shipping
2274,Quality
2276,Quality
2278,Design
2279,Service
2280,Service
2282,Design
2285,Design
2287,Design
2288,Quality
2290,Design
2296,Quality
2299,Other
2302,Quality
2303,Quality
2304,Other
2306,Quality
2307,Design
2308,Design
2310,Quality
2311,Design
2312,Design
2313,Design
2314,Quality
2316,Shipping
2317,Design
2320,Other
2321,Design
2322,Quality
2326,Quality
2327,Design
2328,Quality
2329,Design
2332,Design
2333,Design
2335,Quality
2336,Design
2337,Design
2338,Shipping
2339,Quality
2340,Design
2342,Design
2343,Design
2344,Other
2347,Quality
2348,Quality
2349,Other
2353,Design
2354,Quality
2355,Design
2356,Shipping
2357,Design
2359,Other
2362,Design
2363,Design
2364,Quality
2368,Design
2369,Quality
2370,Quality
2372,Quality
2373,Design
2376,Other
2378,Design
2381,Quality
2382,Quality
2383,Design
2384,Quality
2385,Other
2386,Other
2387,Quality
2388,Quality
2389,Design
2394,Quality
2396,Quality
2397,Price
2398,Quality
2402,Quality
2403,Quality
2406,Design
2407,Quality
2410,Quality
2411,Design
2413,Design
2414,Other
2416,Quality
2418,Quality
2419,Quality
2420,Design
2421,Quality
2422,Quality
2423,Service
2427,Service
2429,Quality
2430,Other
2431,Quality
2432,Quality
2433,Design
2434,Quality
2435,Design
2437,Design
2439,Design
2441,Quality
2442,Quality
2443,Other
2445,Other
2446,Other
2447,Other
2448,Quality
2449,Quality
2450,Service
2451,Design
2452,Shipping
2453,Design
2454,Design
2455,Design
2456,Design
2457,Quality
2459,Quality
2460,Design
2461,Quality
2463,Design
2464,Quality
2466,Other
2470,Design
2471,Design
2473,Quality
2474,Other
2475,Design
2476,Design
2477,Design
2480,Design
2481,Design
2483,Design
2484,Other
2485,Design
2486,Design
2487,Design
2488,Design
2491,Quality
2494,Design
2495,Design
2497,Other
2499,Design
2501,Design
2504,Quality
2507,Design
2511,Design
2513,Quality
2514,Quality
2515,Design
2518,Design
2519,Quality
2522,Other
2523,Other
2524,Other
2527,Design
2530,Other
2532,Design
2533,Design
2534,Price
2535,Design
2537,Quality
2544,Design
2547,Design
2548,Design
2549,Quality
2551,Design
2554,Design
2555,Design
2556,Quality
2557,Design
2558,Quality
2559,Design
2562,Design
2564,Design
2566,Design
2567,Design
2568,Design
2570,Design
2571,Design
2574,Service
2575,Quality
2581,Quality
2582,Quality
2584,Design
2587,Design
2590,Design
2591,Quality
2593,Design
2597,Design
2600,Quality
2601,Quality
2607,Price
2612,Design
2615,Design
2616,Design
2617,Quality
2620,Design
2623,Design
2624,Design
2627,Quality
2629,Quality
2633,Other
2635,Other
2636,Other
2637,Other
2638,Shipping
2640,Quality
2642,Design
2643,Design
2645,Price
2646,Quality
2649,Other
2650,Other
2651,Shipping
2655,Design
2656,Design
2663,Design
2664,Quality
2666,Other
2667,Quality
2668,Design
2673,Design
2675,Design
2676,Design
2677,Design
2678,Quality
2689,Design
2690,Other
2691,Quality
2694,Other
2702,Other
2707,Design
2710,Price
2711,Quality
2714,Design
2715,Compatibility
2718,Design
2719,Quality
2721,Marketing
2722,Quality
2725,Design
2726,Design
2727,Design
2728,Design
2729,Design
2732,Quality
2734,Design
2735,Design
2738,Service
2740,Quality
2741,Design
2745,Quality
2748,Design
2749,Quality
2752,Other
2754,Design
2756,Shipping
2757,Quality
2760,Other
2761,Design
2762,Design
2763,Quality
2764,Design
2765,Quality
2766,Quality
2767,Quality
2769,Quality
2770,Quality
2771,Quality
2772,Quality
2773,Quality
2779,Design
2780,Quality
2784,Design
2787,Design
2788,Design
2789,Design
2790,Design
2791,Design
2792,Design
2794,Design
2796,Quality
2797,Design
2799,Design
2800,Design
2802,Price
2803,Quality
2806,Quality
2807,Quality
2808,Design
2809,Design
2810,Design
2811,Design
2816,Service
2819,Design
2822,Design
2825,Quality
2826,Design
2828,Design
2830,Design
2832,Design
2838,Quality
2840,Quality
2842,Other
2843,Design
2844,Service
2846,Design
2847,Other
2849,Service
2850,Design
2853,Quality
2855,Design
2856,Design
2858,Service
2864,Design
2865,Quality
2866,Design
2868,Design
2869,Other
2872,Design
2874,Other
2875,Quality
2877,Quality
2879,Quality
2880,Quality
2881,Quality
2885,Quality
2886,Design
2891,Quality
2892,Quality
2894,Design
2895,Design
2897,Design
2898,Quality
2899,Quality
2900,Design
2901,Price
2903,Design
2906,Quality
2907,Other
2908,Other
2909,Quality
2911,Quality
2915,Quality
2917,Design
2920,Other
2922,Design
2924,Quality
2925,Quality
2926,Price
2927,Quality
2928,Design
2930,Shipping
2931,Other
2933,Design
2934,Quality
2937,Design
2938,Design
2940,Design
2943,Quality
2946,Design
2947,Quality
2948,Quality
2951,Design
2953,Quality
2956,Quality
2958,Design
2960,Quality
2964,Quality
2969,Design
2971,Quality
2972,Design
2973,Quality
2975,Other
2976,Quality
2980,Design
2981,Design
2984,Quality
2985,Other
2986,Other
2988,Design
2993,Design
2994,Other
2997,Design
2998,Quality
2999,Quality
3495,Design
3497,Other
3499,Design
3500,Design
3503,Design
3506,Design
3508,Quality
3510,Design
3513,Design
3514,Design
3516,Design
3517,Quality
3518,Quality
3519,Design
3521,Design
3522,Quality
3523,Quality
3528,Quality
3529,Service
3531,Other
3532,Quality
3536,Shipping
3537,Quality
3538,Design
3541,Design
3542,Quality
3543,Other
3547,Other
3548,Other
3549,Quality
3550,Quality
3551,Design
3552,Quality
3558,Quality
3564,Quality
3566,Design
3568,Design
3570,Shipping
3572,Quality
3573,Service
3574,Design
3575,Service
3576,Design
3577,Design
3578,Quality
3582,Design
3585,Quality
3587,Design
3588,Design
3589,Design
3593,Quality
3594,Quality
3595,Quality
3598,Design
3599,Quality
3600,Quality
3602,Quality
3603,Design
3609,Design
3610,Quality
3612,Design
3616,Design
3617,Quality
3620,Design
3621,Quality
3622,Quality
3626,Design
3628,Other
3632,Design
3633,Quality
3634,Design
3641,Service
3642,Quality
3644,Design
3645,Other
3647,Design
3649,Other
3652,Other
3653,Quality
3656,Design
3658,Design
3659,Other
3660,Other
3663,Other
3664,Other
3666,Design
3669,Quality
3670,Quality
3672,Quality
3673,Other
3675,Quality
3676,Design
3677,Quality
3680,Quality
3682,Quality
3684,Design
3686,Design
3687,Shipping
3689,Service
3691,Design
3692,Design
3693,Quality
3695,Quality
3696,Quality
3697,Design
3700,Service
3701,Quality
3706,Quality
3707,Design
3711,Design
3714,Design
3716,Quality
3719,Design
3720,Design
3721,Shipping
3723,Other
3725,Design
3729,Design
3730,Price
3734,Quality
3737,Design
3741,Design
3745,Quality
3746,Quality
3747,Design
3748,Design
3749,Quality
3750,Quality
3751,Quality
3754,Quality
3755,Design
3757,Quality
3759,Design
3763,Design
3766,Design
3767,Design
3768,Design
3769,Quality
3771,Design
3772,Design
3773,Design
3777,Quality
3778,Quality
3782,Quality
3786,Other
3788,Quality
3789,Design
3790,Quality
3791,Quality
3793,Quality
3798,Quality
3800,Quality
3805,Quality
3806,Other
3807,Other
3809,Quality
3810,Quality
3813,Quality
3814,Service
3816,Service
3817,Other
3818,Other
3819,Other
3822,Design
3824,Quality
3826,Quality
3827,Design
3829,Other
3830,Design
3832,Design
3833,Quality
3838,Quality
3843,Shipping
3844,Quality
3845,Quality
3848,Design
3851,Quality
3853,Quality
3854,Quality
3856,Design
3859,Price
3860,Design
3861,Design
3862,Design
3867,Quality
3868,Quality
3869,Quality
3870,Quality
3871,Quality
3872,Price
3874,Design
3876,Design
3880,Design
3882,Quality
3883,Design
3884,Design
3886,Design
3889,Design
3890,Quality
3891,Design
3892,Design
3893,Quality
3894,Quality
3895,Quality
3900,Quality
3901,Design
3902,Design
3904,Quality
3906,Design
3908,Design
3909,Design
3911,Quality
3913,Design
3915,Design
3916,Design
3917,Design
3921,Design
3922,Quality
3923,Quality
3925,Design
3926,Quality
3928,Shipping
3929,Quality
3933,Design
3934,Quality
3940,Quality
3943,Other
3946,Other
3947,Design
3949,Other
3951,Quality
3955,Quality
3956,Other
3957,Quality
3959,Other
3960,Design
3962,Design
3967,Quality
3968,Design
3969,Design
3970,Design
3971,Quality
3975,Design
3977,Design
3981,Quality
3982,Design
3984,Design
3986,Design
3987,Quality
3989,Design
3991,Other
3996,Other
3999,Design
4003,Price
4005,Quality
4006,Quality
4008,Quality
4009,Design
4011,Price
4013,Other
4016,Design
4017,Quality
4019,Design
4020,Design
4023,Quality
4024,Other
4026,Quality
4027,Quality
4029,Quality
4033,Other
4037,Other
4038,Quality
4039,Design
4041,Other
4043,Other
4044,Other
4045,Quality
4046,Quality
4048,Quality
4049,Quality
4050,Design
4051,Quality
4052,Design
4053,Design
4056,Design
4057,Design
4058,Quality
4059,Design
4060,Quality
4061,Quality
4062,Design
4063,Service
4064,Quality
4065,Design
4067,Quality
4069,Design
4070,Quality
4073,Design
4075,Other
4077,Design
4078,Design
4079,Quality
4082,Quality
4084,Design
4086,Design
4088,Design
4089,Design
4091,Quality
4093,Design
4094,Quality
4096,Design
4097,Design
4102,Quality
4103,Design
4105,Quality
4106,Quality
4107,Design
4108,Quality
4109,Other
4111,Quality
4112,Other
4113,Other
4115,Quality
4117,Design
4120,Other
4124,Quality
4125,Price
4126,Design
4130,Design
4132,Design
4133,Design
4134,Service
4135,Service
4136,Design
4141,Design
4144,Shipping
4145,Design
4147,Other
4149,Quality
4151,Other
4154,Design
4156,Quality
4157,Design
4160,Other
4162,Design
4163,Other
4166,Other
4170,Design
4172,Other
4174,Quality
4175,Design
4181,Shipping
4182,Quality
4183,Design
4185,Design
4188,Design
4190,Design
4191,Quality
4193,Quality
4196,Design
4197,Design
4202,Quality
4206,Design
4208,Other
4209,Service
4212,Quality
4213,Design
4214,Design
4215,Other
4216,Quality
4217,Design
4218,Other
4220,Quality
4221,Quality
4224,Design
4226,Quality
4231,Other
4232,Other
4233,Other
4235,Other
4236,Service
4237,Quality
4239,Quality
4246,Design
4247,Design
4248,Quality
4249,Other
4250,Other
4251,Design
4252,Quality
4254,Design
4255,Quality
4263,Quality
4265,Quality
4270,Quality
4272,Design
4273,Quality
4274,Other
4277,Quality
4278,Other
4279,Other
4283,Shipping
4285,Design
4286,Quality
4287,Other
4288,Design
4289,Design
4290,Quality
4291,Design
4292,Quality
4294,Design
4295,Design
4296,Design
4298,Design
4303,Design
4304,Design
4306,Design
4307,Design
4308,Design
4311,Quality
4312,Compatibility
4314,Quality
4315,Design
4319,Quality
4320,Design
4322,Design
4325,Quality
4327,Quality
4329,Design
4330,Design
4331,Design
4333,Design
4336,Design
4338,Design
4339,Design
4340,Design
4341,Quality
4342,Quality
4343,Other
4344,Design
4345,Design
4348,Design
4351,Design
4352,Design
4353,Quality
4354,Design
4355,Design
4357,Quality
4366,Quality
4369,Design
4370,Design
4371,Design
4372,Quality
4373,Other
4374,Quality
4375,Quality
4377,Design
4380,Quality
4381,Quality
4382,Design
4383,Quality
4384,Other
4385,Quality
4386,Design
4387,Other
4388,Design
4389,Design
4390,Design
4392,Design
4395,Design
4399,Quality
4403,Design
4404,Design
4407,Quality
4408,Service
4409,Design
4411,Quality
4412,Quality
4413,Design
4414,Price
4415,Design
4416,Quality
4417,Design
4418,Design
4419,Quality
4420,Other
4421,Quality
4422,Quality
4424,Quality
4430,Design
4432,Design
4433,Design
4434,Design
4435,Design
4436,Quality
4437,Quality
4444,Quality
4445,Design
4447,Design
4450,Quality
4451,Design
4454,Other
4455,Other
4456,Other
4458,Other
4461,Quality
4462,Design
4464,Quality
4466,Design
4470,Design
4472,Other
4473,Quality
4475,Quality
4476,Other
4477,Other
4478,Other
4480,Design
4481,Other
4484,Other
4485,Quality
4486,Design
4488,Quality
4489,Other
4494,Other
4496,Other
4497,Other
4500,Design
4505,Quality
4509,Service
4511,Quality
4512,Design
4513,Quality
4514,Design
4517,Design
4518,Price
4519,Shipping
4520,Design
4521,Quality
4522,Other
4523,Other
4525,Design
4526,Quality
4530,Quality
4534,Design
4535,Other
4540,Other
4543,Design
4544,Shipping
4546,Design
4547,Quality
4549,Other
4550,Design
4552,Design
4553,Quality
4554,Design
4555,Design
4556,Quality
4557,Design
4561,Quality
4563,Design
4564,Other
4565,Other
4567,Other
4568,Design
4569,Design
4570,Design
4571,Shipping
4573,Quality
4576,Quality
4581,Quality
4583,Quality
4589,Design
4591,Design
4593,Design
4595,Quality
4597,Design
4598,Design
4599,Design
4600,Other
4601,Design
4602,Quality
4608,Design
4609,Quality
4611,Design
4615,Service
4618,Quality
4619,Quality
4621,Quality
4628,Other
4629,Quality
4632,Design
4633,Quality
4636,Other
4638,Quality
4639,Quality
4640,Design
4642,Design
4643,Design
4645,Quality
4646,Design
4647,Design
4649,Design
4650,Other
4651,Other
4652,Quality
4654,Design
4655,Quality
4656,Quality
4657,Shipping
4658,Quality
4661,Quality
4662,Other
4663,Design
4664,Quality
4666,Design
4667,Design
4671,Other
4673,Quality
4677,Design
4678,Quality
4681,Design
4682,Quality
4683,Design
4687,Design
4688,Service
4690,Design
4691,Design
4692,Quality
4693,Design
4694,Quality
4695,Shipping
4698,Design
4699,Other
4703,Design
4707,Design
4708,Design
4710,Design
4711,Quality
4713,Design
4719,Design
4720,Design
4721,Quality
4722,Shipping
4723,Design
4724,Design
4725,Design
4727,Quality
4728,Quality
4729,Design
4730,Quality
4731,Quality
4733,Other
4736,Other
4739,Design
4740,Design
4741,Design
4742,Other
4743,Quality
4747,Other
4749,Design
4750,Design
4755,Other
4760,Other
4761,Quality
4764,Other
4766,Quality
4767,Quality
4768,Design
4769,Design
4770,Design
4771,Design
4773,Quality
4774,Shipping
4775,Design
4776,Quality
4778,Design
4781,Quality
4782,Design
4783,Design
4784,Design
4786,Design
4788,Other
4790,Quality
4799,Shipping
4800,Design
4802,Service
4803,Quality
4805,Design
4806,Design
4807,Design
4810,Other
4811,Design
4814,Design
4816,Other
4817,Quality
4819,Design
4821,Quality
4822,Price
4823,Other
4824,Quality
4825,Other
4827,Quality
4836,Quality
4839,Design
4842,Design
4848,Shipping
4850,Design
4851,Quality
4854,Design
4858,Design
4860,Quality
4861,Design
4862,Quality
4863,Quality
4864,Quality
4865,Design
4866,Quality
4868,Quality
4871,Design
4872,Design
4874,Other
4875,Service
4876,Design
4878,Other
4879,Quality
4882,Design
4885,Quality
4886,Design
4887,Design
4888,Other
4889,Other
4890,Other
4895,Other
4896,Other
4898,Other
4902,Design
4903,Quality
4904,Quality
4905,Design
4907,Price
4908,Design
4909,Other
4914,Service
4915,Quality
4916,Quality
4918,Design
4919,Design
4922,Other
4923,Other
4924,Design
4926,Design
4928,Design
4932,Design
4933,Quality
4935,Design
4936,Quality
4939,Design
4940,Quality
4941,Design
4942,Design
4947,Design
4948,Quality
4949,Quality
4950,Other
4954,Quality
4955,Design
4959,Other
4960,Design
4961,Quality
4962,Design
4963,Design
4965,Shipping
4966,Design
4968,Design
4969,Quality
4970,Design
4971,Design
4972,Design
4973,Design
4974,Design
4976,Design
4977,Design
4978,Quality
4980,Quality
4981,Design
4984,Quality
4986,Design
4987,Other
4994,Design
4997,Design
4998,Design
5000,Design
5001,Shipping
5002,Design
5008,Design
5010,Design
5012,Quality
5019,Design
5021,Design
5023,Design
5024,Design
5026,Price
5028,Design
5029,Design
5032,Design
5034,Design
5037,Design
5039,Quality
5040,Design
5044,Design
5049,Quality
5051,Design
5052,Design
5053,Design
5054,Service
5056,Design
5057,Design
5058,Quality
5059,Design
5060,Design
5063,Design
5070,Design
5071,Design
5072,Design
5074,Quality
5076,Design
5077,Other
5079,Design
5080,Quality
5082,Other
5083,Other
5086,Quality
5088,Design
5089,Quality
5091,Other
5093,Design
5094,Quality
5096,Quality
5098,Design
5102,Design
5106,Design
5110,Design
5111,Design
5112,Design
5114,Quality
5117,Other
5118,Other
5121,Design
5122,Design
5123,Other
5124,Shipping
5127,Design
5129,Quality
5130,Design
5133,Design
5136,Design
5137,Design
5140,Design
5141,Design
5143,Quality
5144,Other
5147,Design
5148,Quality
5149,Quality
5152,Other
5154,Design
5156,Design
5157,Quality
5158,Design
5161,Design
5162,Design
5163,Design
5165,Quality
5168,Design
5174,Design
5175,Shipping
5176,Design
5177,Design
5178,Quality
5180,Service
5183,Other
5186,Other
5187,Other
5188,Quality
5190,Other
5191,Design
5193,Quality
5194,Design
5195,Quality
5197,Quality
5199,Design
5200,Service
5201,Quality
5204,Shipping
5205,Other
5207,Design
5210,Quality
5211,Design
5212,Quality
5213,Quality
5216,Design
5218,Design
5220,Other
5223,Design
5225,Design
5226,Quality
5227,Service
5228,Quality
5229,Shipping
5235,Other
5236,Quality
5238,Other
5241,Quality
5242,Other
5244,Design
5246,Quality
5247,Design
5249,Quality
5251,Other
5252,Quality
5253,Quality
5254,Design
5258,Design
5260,Other
5264,Quality
5267,Other
5268,Design
5269,Design
5270,Design
5271,Design
5276,Design
5277,Other
5280,Other
5281,Quality
5283,Other
5284,Design
5285,Quality
5287,Design
5291,Quality
5292,Service
5295,Quality
5296,Quality
5297,Design
5300,Shipping
5301,Design
5302,Design
5303,Quality
5307,Design
5309,Design
5310,Quality
5311,Quality
5312,Quality
5313,Quality
5314,Quality
5315,Quality
5317,Design
5321,Design
5322,Design
5323,Quality
5324,Other
5326,Design
5329,Other
5331,Design
5333,Quality
5335,Quality
5336,Design
5338,Quality
5339,Quality
5340,Quality
5341,Design
5343,Quality
5345,Design
5346,Design
5347,Quality
5348,Quality
5353,Design
5356,Design
5359,Design
5362,Design
5365,Quality
5371,Design
5372,Shipping
5376,Quality
5379,Other
5381,Design
5382,Quality
5383,Other
5384,Other
5387,Other
5394,Design
5395,Design
5397,Quality
5398,Quality
5399,Design
5400,Service
5401,Quality
5402,Quality
5404,Other
5405,Other
5406,Design
5407,Quality
5411,Design
5412,Design
5416,Quality
5419,Quality
5423,Quality
5424,Design
5426,Quality
5428,Quality
5429,Quality
5433,Design
5434,Quality
5435,Design
5437,Design
5438,Design
5441,Design
5442,Design
5444,Quality
5445,Quality
5446,Service
5450,Quality
5451,Design
5452,Quality
5453,Design
5454,Design
5455,Design
5456,Design
5459,Design
5463,Other
5466,Design
5467,Quality
5470,Design
5471,Quality
5472,Design
5474,Design
5475,Other
5480,Other
5487,Other
5488,Other
5489,Other
5490,Design
5491,Design
5493,Design
5495,Design
5496,Design
5497,Quality
5498,Design
5499,Quality
5501,Service
5502,Design
5511,Other
5514,Design
5516,Quality
5518,Design
5519,Quality
5521,Quality
5522,Other
5523,Other
5524,Quality
5525,Design
5526,Quality
5527,Design
5529,Other
5530,Other
5532,Design
5534,Design
5535,Design
5536,Design
5543,Design
5545,Design
5548,Quality
5549,Design
5550,Service
5551,Design
5554,Design
5555,Quality
5556,Design
5557,Other
5558,Quality
5559,Design
5560,Quality
5561,Design
5562,Design
5566,Design
5567,Quality
5568,Design
5569,Design
5571,Design
5573,Quality
5574,Quality
5575,Other
5576,Quality
5578,Other
5579,Quality
5580,Quality
5583,Design
5584,Design
5585,Design
5586,Design
5587,Design
5588,Design
5590,Other
5591,Quality
5595,Other
5596,Design
5599,Design
5602,Design
5604,Design
5605,Design
5606,Quality
5607,Other
5608,Quality
5610,Other
5614,Other
5617,Other
5618,Quality
5619,Quality
5621,Quality
5622,Quality
5624,Design
5631,Other
5634,Design
5635,Other
5637,Other
5642,Design
5643,Quality
5644,Design
5646,Service
5647,Other
5650,Design
5651,Design
5653,Quality
5658,Design
5659,Price
5661,Quality
5662,Design
5663,Quality
5667,Quality
5668,Design
5669,Quality
5670,Design
5671,Design
5674,Design
5676,Quality
5677,Design
5678,Quality
5681,Design
5682,Design
5683,Design
5697,Design
5698,Design
5701,Quality
5703,Other
5704,Design
5705,Quality
5708,Other
5709,Other
5711,Design
5714,Design
5715,Shipping
5719,Quality
5721,Design
5722,Quality
5725,Design
5732,Design
5734,Design
5735,Design
5739,Design
5740,Quality
5741,Service
5744,Quality
5747,Quality
5748,Design
5750,Quality
5751,Service
5752,Design
5753,Design
5756,Other
5759,Design
5760,Design
5764,Quality
5765,Shipping
5766,Other
5767,Other
5768,Design
5770,Price
5772,Design
5774,Other
5775,Quality
5777,Quality
5778,Design
5780,Design
5782,Design
5783,Design
5786,Design
5787,Shipping
5788,Quality
5789,Design
5791,Design
5792,Quality
5793,Design
5794,Other
5799,Design
5800,Design
5803,Quality
5804,Design
5805,Design
5806,Design
5807,Design
5809,Quality
5811,Design
5814,Quality
5816,Design
5817,Other
5818,Quality
5820,Other
5821,Shipping
5823,Quality
5824,Other
5826,Design
5829,Design
5831,Other
5832,Design
5833,Design
5835,Shipping
5836,Quality
5837,Other
5838,Shipping
5841,Other
5843,Other
5844,Design
5846,Quality
5848,Quality
5851,Quality
5852,Quality
5853,Other
5854,Other
5855,Quality
5858,Design
5859,Design
5861,Design
5862,Quality
5864,Quality
5865,Shipping
5867,Design
5869,Design
5872,Design
5873,Service
5874,Quality
5876,Design
5877,Design
5879,Quality
5880,Design
5881,Quality
5883,Other
5888,Design
5889,Other
5892,Design
5893,Design
5895,Quality
5896,Design
5900,Design
5903,Quality
5904,Quality
5906,Design
5908,Quality
5909,Quality
5913,Design
5914,Design
5919,Other
5920,Design
5921,Quality
5923,Design
5925,Quality
5926,Design
5932,Quality
5933,Other
5934,Design
5936,Design
5937,Design
5939,Design
5941,Design
5942,Quality
5943,Shipping
5944,Design
5945,Design
5947,Design
5948,Design
5949,Quality
5950,Design
5953,Quality
5956,Design
5957,Other
5960,Design
5966,Price
5967,Other
5970,Quality
5971,Design
5977,Other
5978,Quality
5980,Other
5981,Design
5982,Design
5983,Other
5986,Quality
5989,Design
5994,Quality
5995,Service
5999,Quality
6006,Design
6010,Design
6012,Design
6013,Quality
6017,Design
6019,Quality
6022,Design
6024,Design
6026,Quality
6028,Design
6029,Design
6030,Quality
6034,Design
6035,Design
6036,Quality
6037,Quality
6038,Design
6039,Design
6040,Design
6041,Service
6043,Design
6048,Other
6051,Quality
6054,Design
6056,Quality
6058,Price
6059,Design
6062,Design
6065,Design
6066,Design
6070,Quality
6073,Design
6074,Quality
6075,Other
6078,Other
6080,Quality
6081,Design
6082,Quality
6085,Design
6087,Quality
6089,Design
6090,Service
6091,Quality
6092,Design
6093,Design
6094,Quality
6095,Quality
6096,Quality
6099,Design
6100,Design
6101,Design
6102,Quality
6103,Quality
6104,Quality
6105,Other
6106,Other
6108,Quality
6110,Service
6111,Quality
6112,Design
6114,Design
6116,Design
6117,Design
6118,Quality
6119,Design
6120,Service
6121,Design
6122,Price
6125,Design
6126,Design
6127,Design
6128,Design
6131,Quality
6132,Design
6134,Design
6136,Quality
6137,Design
6139,Quality
6140,Design
6146,Quality
6148,Design
6149,Price
6150,Design
6151,Other
6152,Design
6153,Quality
6155,Design
6156,Design
6158,Design
6159,Design
6161,Quality
6164,Quality
6165,Other
6168,Other
6174,Other
6175,Design
6176,Design
6178,Quality
6181,Service
6182,Design
6184,Design
6186,Design
6187,Shipping
6189,Quality
6191,Design
6193,Design
6194,Quality
6195,Design
6196,Design
6200,Service
6202,Shipping
6203,Other
6204,Other
6205,Design
6206,Design
6209,Design
6210,Design
6212,Quality
6216,Design
6218,Design
6219,Design
6220,Quality
6223,Service
6224,Design
6226,Shipping
6228,Design
6231,Quality
6233,Other
6234,Quality
6236,Design
6239,Quality
6240,Quality
6241,Quality
6245,Design
6246,Quality
6247,Design
6248,Other
6250,Quality
6251,Design
6253,Other
6255,Design
6256,Design
6257,Quality
6258,Other
6259,Other
6260,Other
6262,Quality
6263,Service
6267,Quality
6269,Quality
6270,Price
6271,Service
6272,Quality
6274,Design
6276,Design
6277,Design
6282,Design
6284,Design
6285,Quality
6287,Quality
6289,Design
6290,Marketing
6294,Design
6295,Design
6296,Quality
6298,Design
6300,Other
6303,Price
6304,Design
6307,Quality
6308,Design
6310,Quality
6311,Design
6312,Quality
6314,Other
6316,Design
6317,Service
6325,Design
6327,Quality
6328,Design
6329,Quality
6331,Design
6332,Quality
6336,Shipping
6337,Design
6342,Design
6344,Design
6345,Quality
6347,Quality
6348,Quality
6349,Quality
6350,Quality
6351,Design
6352,Design
6353,Design
6354,Design
6355,Design
6356,Quality
6359,Quality
6360,Quality
6361,Other
6363,Design
6365,Design
6366,Service
6367,Design
6371,Design
6372,Design
6373,Design
6374,Design
6375,Design
6380,Quality
6381,Quality
6383,Other
6386,Design
6387,Design
6390,Design
6391,Quality
6394,Quality
6395,Design
6396,Quality
6398,Other
6401,Service
6405,Other
6407,Other
6408,Quality
6415,Design
6417,Design
6418,Design
6420,Quality
6422,Design
6423,Quality
6425,Other
6428,Other
6429,Other
6431,Other
6432,Other
6435,Design
6436,Quality
6438,Design
6440,Design
6445,Quality
6450,Design
6451,Quality
6452,Design
6458,Design
6459,Design
6460,Design
6463,Quality
6466,Quality
6467,Quality
6468,Quality
6470,Design
6472,Design
6474,Quality
6477,Design
6479,Design
6482,Other
6486,Design
6488,Other
6489,Other
6491,Quality
6493,Design
6494,Quality
6496,Other
6499,Other
6501,Other
6503,Other
6507,Other
6508,Other
6512,Other
6515,Other
6519,Design
6520,Quality
6521,Other
6523,Design
6526,Quality
6528,Design
6532,Design
6533,Design
6536,Quality
6537,Quality
6538,Design
6539,Other
6542,Quality
6543,Design
6545,Other
6546,Design
6547,Design
6550,Design
6556,Quality
6557,Quality
6558,Design
6559,Quality
6561,Design
6562,Quality
6563,Design
6564,Quality
6566,Other
6567,Quality
6568,Other
6569,Other
6570,Design
6571,Design
6573,Shipping
6576,Design
6578,Quality
6579,Design
6580,Design
6581,Design
6583,Design
6588,Quality
6590,Design
6591,Design
6595,Quality
6597,Other
6601,Design
6602,Quality
6604,Design
6605,Quality
6606,Service
6609,Service
6610,Design
6611,Design
6614,Quality
6619,Quality
6624,Design
6625,Design
6628,Quality
6629,Quality
6630,Design
6631,Quality
6633,Design
6634,Quality
6637,Design
6641,Design
6642,Other
6644,Other
6645,Design
6646,Other
6647,Design
6648,Design
6649,Quality
6651,Service
6654,Design
6655,Quality
6658,Quality
6659,Design
6660,Other
6665,Quality
6667,Quality
6669,Other
6671,Other
6674,Quality
6676,Other
6677,Design
6678,Design
6679,Design
6680,Design
6681,Design
6682,Quality
6683,Design
6687,Design
6688,Design
6689,Design
6691,Design
6692,Quality
6693,Design
6694,Design
6695,Design
6698,Quality
6700,Design
6701,Quality
6703,Quality
6704,Quality
6707,Quality
6710,Other
6714,Quality
6719,Other
6720,Other
6721,Other
6723,Other
6727,Other
6728,Service
6729,Design
6730,Quality
6731,Design
6734,Quality
6735,Other
6737,Other
6738,Design
6739,Quality
6741,Quality
6742,Other
6745,Quality
6747,Design
6748,Other
6751,Design
6752,Design
6756,Design
6758,Design
6764,Design
6765,Design
6766,Design
6768,Quality
6769,Quality
6772,Design
6773,Other
6774,Other
6776,Other
6780,Design
6783,Design
6784,Design
6786,Design
6788,Design
6790,Design
6792,Design
6793,Design
6795,Quality
6800,Shipping
6802,Quality
6804,Quality
6805,Design
6806,Quality
6807,Service
6809,Quality
6811,Quality
6814,Quality
6815,Quality
6819,Design
6822,Design
6823,Design
6825,Quality
6827,Shipping
6828,Design
6830,Quality
6834,Quality
6835,Design
6838,Quality
6839,Design
6841,Design
6844,Design
6846,Design
6849,Other
6851,Other
6853,Design
6854,Design
6856,Design
6857,Design
6859,Quality
6864,Design
6865,Design
6868,Other
6870,Design
6872,Quality
6875,Design
6876,Other
6879,Design
6882,Quality
6884,Other
6885,Other
6886,Quality
6888,Design
6890,Quality
6891,Shipping
6892,Quality
6894,Quality
6897,Design
6898,Quality
6899,Service
6900,Design
6902,Quality
6903,Design
6904,Quality
6906,Design
6908,Design
6912,Design
6915,Other
6919,Design
6921,Design
6922,Design
6923,Quality
6924,Design
6926,Quality
6931,Quality
6932,Design
6936,Design
6938,Design
6939,Design
6940,Design
6941,Quality
6943,Design
6945,Quality
6947,Other
6948,Design
6949,Quality
6950,Other
6951,Design
6953,Quality
6954,Design
6957,Design
6958,Quality
6959,Design
6963,Design
6964,Design
6966,Design
6968,Quality
6971,Service
6972,Quality
6973,Design
6975,Design
6976,Quality
6978,Design
6979,Design
6983,Design
6988,Quality
6990,Design
6991,Quality
6993,Other
6998,Quality
6999,Service
7000,Design
7001,Design
7002,Quality
7003,Quality
7005,Quality
7006,Other
7007,Design
7009,Quality
7011,Other
7013,Design
7015,Quality
7018,Design
7019,Other
7020,Design
7025,Quality
7032,Design
7033,Design
7034,Quality
7035,Design
7037,Quality
7040,Design
7041,Design
7043,Design
7044,Design
7051,Design
7052,Design
7053,Quality
7054,Quality
7056,Design
7057,Quality
7058,Quality
7060,Design
7065,Design
7066,Design
7067,Quality
7068,Design
7069,Quality
7070,Quality
7073,Design
7074,Quality
7076,Quality
7077,Quality
7078,Design
7079,Design
7080,Design
7081,Design
7083,Design
7090,Quality
7093,Service
7096,Quality
7097,Other
7100,Quality
7103,Quality
7104,Design
7105,Design
7106,Price
7109,Design
7110,Quality
7112,Design
7114,Design
7115,Quality
7117,Design
7118,Quality
7119,Design
7120,Quality
7123,Quality
7125,Design
7126,Design
7127,Design
7128,Quality
7131,Design
7133,Design
7134,Quality
7135,Design
7137,Design
7138,Other
7139,Quality
7143,Design
7144,Quality
7148,Quality
7149,Quality
7152,Design
7153,Design
7157,Design
7158,Design
7159,Quality
7160,Quality
7163,Design
7164,Other
7165,Quality
7166,Other
7167,Other
7169,Other
7170,Quality
7173,Design
7174,Other
7175,Design
7176,Quality
7178,Design
7179,Other
7183,Quality
7184,Other
7186,Design
7187,Design
7188,Quality
7189,Quality
7190,Design
7191,Design
7193,Quality
7196,Design
7198,Quality
7199,Other
7200,Design
7201,Quality
7202,Other
7203,Other
7204,Service
7210,Other
7211,Quality
7212,Design
7213,Design
7215,Design
7216,Design
7218,Design
7219,Design
7220,Design
7221,Other
7223,Other
7226,Design
7229,Other
7233,Design
7234,Quality
7235,Design
7236,Design
7238,Quality
7239,Quality
7240,Other
7242,Design
7243,Quality
7244,Quality
7245,Other
7247,Design
7248,Quality
7249,Quality
7250,Design
7251,Design
7252,Other
7256,Price
7258,Design
7259,Other
7261,Quality
7263,Design
7264,Design
7265,Design
7266,Quality
7269,Design
7270,Quality
7271,Design
7272,Other
7277,Design
7280,Other
7284,Design
7286,Design
7287,Quality
7288,Design
7289,Quality
7290,Quality
7293,Service
7294,Design
7295,Other
7296,Other
7297,Design
7298,Design
7299,Quality
7300,Design
7302,Quality
7306,Quality
7308,Other
7309,Quality
7313,Quality
7314,Design
7315,Design
7316,Quality
7317,Quality
7318,Design
7319,Quality
7322,Quality
7323,Quality
7324,Other
7325,Other
7326,Quality
7327,Design
7329,Quality
7330,Design
7332,Service
7335,Quality
7336,Design
7339,Quality
7340,Design
7341,Design
7343,Design
7346,Quality
7348,Design
7349,Design
7350,Price
7353,Design
7354,Design
7355,Design
7357,Design
7359,Design
7360,Quality
7361,Quality
7362,Design
7371,Service
7373,Quality
7374,Design
7376,Design
7379,Quality
7381,Design
7382,Design
7383,Quality
7387,Other
7388,Quality
7389,Shipping
7390,Design
7391,Other
7393,Quality
7394,Design
7395,Design
7398,Shipping
7400,Design
7401,Other
7402,Design
7404,Quality
7405,Other
7406,Service
7408,Design
7412,Quality
7414,Design
7416,Design
7417,Quality
7418,Service
7419,Design
7420,Quality
7422,Other
7425,Quality
7426,Design
7427,Other
7428,Quality
7431,Design
7432,Design
7433,Design
7436,Quality
7437,Quality
7446,Quality
7449,Design
7450,Design
7452,Other
7455,Design
7457,Design
7460,Design
7463,Design
7464,Design
7466,Design
7468,Quality
7472,Design
7473,Design
7475,Quality
7476,Quality
7477,Design
7485,Design
7486,Design
7487,Design
7488,Design
7490,Quality
7491,Quality
7496,Design
7497,Design
7498,Quality
7499,Quality
7501,Quality
7505,Other
7511,Other
7512,Design
7514,Other
7515,Quality
7516,Quality
7517,Design
7520,Quality
7523,Design
7524,Design
7526,Design
7527,Design
7529,Quality
7531,Quality
7535,Quality
7538,Design
7539,Quality
7541,Design
7543,Quality
7546,Design
7548,Design
7554,Design
7555,Shipping
7557,Design
7560,Design
7563,Other
7564,Design
7565,Design
7567,Design
7568,Quality
7574,Quality
7575,Service
7578,Design
7585,Design
7586,Design
7587,Other
7588,Shipping
7590,Quality
7591,Quality
7592,Design
7593,Design
7594,Quality
7595,Quality
7596,Quality
7598,Quality
7599,Design
7600,Other
7601,Other
7602,Design
7607,Other
7608,Quality
7609,Service
7612,Quality
7613,Quality
7615,Quality
7619,Design
7620,Other
7623,Other
7624,Other
7627,Service
7629,Design
7631,Other
7632,Design
7636,Quality
7637,Design
7638,Design
7639,Quality
7640,Quality
7641,Design
7647,Other
7649,Design
7650,Design
7651,Design
7652,Quality
7653,Design
7654,Design
7656,Design
7657,Quality
7660,Design
7662,Quality
7663,Design
7664,Quality
7665,Service
7666,Other
7671,Design
7673,Design
7674,Design
7675,Service
7678,Design
7679,Quality
7681,Design
7682,Design
7683,Other
7685,Design
7686,Other
7688,Shipping
7689,Quality
7691,Quality
7692,Quality
7693,Design
7695,Design
7696,Design
7697,Quality
7698,Shipping
7699,Other
7701,Design
7702,Design
7707,Design
7708,Design
7709,Design
7710,Quality
7713,Design
7714,Design
7715,Quality
7717,Design
7718,Design
7720,Quality
7723,Quality
7724,Quality
7725,Design
7726,Design
7727,Other
7730,Design
7732,Design
7733,Design
7738,Other
7739,Design
7741,Design
7744,Quality
7745,Quality
7746,Design
7747,Other
7748,Quality
7750,Other
7751,Other
7753,Quality
7754,Shipping
7755,Design
7756,Design
7757,Other
7758,Design
7762,Design
7765,Quality
7767,Other
7770,Quality
7774,Design
7776,Quality
7781,Quality
7782,Design
7784,Quality
7785,Design
7789,Quality
7791,Quality
7792,Design
7795,Design
7796,Quality
7799,Design
7800,Quality
7804,Quality
7806,Quality
7808,Other
7810,Quality
7811,Other
7812,Quality
7815,Design
7817,Design
7819,Quality
7820,Design
7821,Design
7822,Design
7823,Other
7827,Service
7828,Other
7829,Other
7830,Design
7831,Other
7834,Quality
7837,Quality
7839,Quality
7841,Other
7843,Design
7845,Design
7850,Quality
7851,Other
7852,Quality
7853,Quality
7854,Quality
7857,Quality
7861,Quality
7862,Design
7864,Design
7868,Other
7870,Other
7871,Other
7874,Quality
7876,Quality
7877,Other
7881,Quality
7883,Design
7884,Quality
7885,Design
7887,Quality
7888,Quality
7893,Design
7894,Service
7896,Design
7897,Design
7898,Quality
7901,Design
7902,Design
7903,Quality
7904,Quality
7905,Quality
7906,Quality
7908,Other
7909,Quality
7912,Other
7914,Design
7915,Design
7917,Quality
7918,Quality
7919,Design
7927,Design
7929,Other
7930,Design
7933,Design
7937,Quality
7939,Design
7940,Quality
7941,Service
7943,Other
7944,Other
7948,Other
7949,Design
7950,Service
7951,Quality
7952,Service
7953,Quality
7955,Design
7958,Design
7959,Quality
7962,Design
7965,Quality
7966,Design
7967,Quality
7968,Quality
7969,Quality
7973,Design
7974,Design
7976,Quality
7982,Design
7984,Shipping
7985,Quality
7987,Quality
7988,Service
7991,Design
7992,Design
7995,Quality
7997,Design
7998,Design
8000,Design
8002,Quality
8003,Quality
8005,Quality
8006,Design
8007,Other
8008,Design
8010,Other
8012,Quality
8013,Quality
8019,Quality
8021,Quality
8024,Other
8027,Design
8028,Design
8030,Other
8031,Design
8032,Shipping
8033,Quality
8034,Design
8037,Design
8038,Quality
8039,Quality
8040,Design
8042,Design
8047,Design
8048,Quality
8049,Quality
8050,Quality
8051,Design
8053,Design
8055,Quality
8057,Shipping
8058,Design
8062,Quality
8063,Design
8064,Design
8065,Design
8066,Quality
8068,Quality
8069,Other
8070,Design
8071,Design
8072,Other
8073,Design
8078,Design
8079,Quality
8081,Quality
8083,Design
8085,Quality
8086,Design
8087,Quality
8088,Design
8089,Other
8090,Price
8091,Other
8092,Quality
8096,Design
8097,Quality
8099,Design
8102,Other
8103,Design
8106,Design
8108,Design
8111,Design
8115,Quality
8117,Design
8118,Design
8120,Design
8122,Design
8123,Quality
8128,Quality
8129,Quality
8130,Quality
8132,Design
8135,Service
8136,Shipping
8139,Quality
8141,Quality
8142,Quality
8143,Design
8144,Design
8145,Design
8150,Quality
8152,Quality
8154,Design
8155,Quality
8156,Design
8158,Quality
8159,Design
8162,Design
8163,Design
8165,Design
8167,Design
8169,Shipping
8171,Design
8174,Quality
8177,Design
8185,Design
8186,Other
8187,Other
8189,Design
8191,Quality
8193,Design
8194,Quality
8196,Other
8199,Design
8200,Quality
8201,Other
8202,Other
8208,Other
8209,Design
8210,Design
8211,Quality
8213,Design
8214,Other
8215,Other
8217,Design
8221,Other
8223,Quality
8224,Design
8227,Design
8228,Design
8230,Design
8231,Design
8236,Quality
8238,Service
8239,Quality
8240,Design
8242,Shipping
8243,Quality
8245,Quality
8247,Design
8252,Service
8253,Quality
8254,Shipping
8255,Design
8256,Quality
8257,Design
8258,Design
8259,Design
8268,Design
8269,Quality
8270,Quality
8271,Other
8274,Design
8275,Price
8276,Design
8280,Service
8281,Design
8282,Design
8283,Design
8285,Shipping
8286,Design
8287,Design
8289,Design
8290,Design
8294,Design
8296,Quality
8297,Design
8303,Design
8304,Quality
8308,Quality
8309,Design
8310,Shipping
8313,Design
8314,Quality
8316,Design
8322,Quality
8327,Design
8328,Design
8329,Design
8330,Design
8331,Design
8332,Design
8333,Shipping
8335,Design
8337,Other
8338,Design
8344,Other
8348,Design
8349,Other
8351,Design
8352,Service
8353,Design
8354,Design
8355,Design
8359,Design
8361,Design
8365,Design
8366,Design
8368,Quality
8369,Design
8371,Other
8373,Quality
8374,Other
8378,Quality
8381,Design
8382,Other
8384,Other
8385,Design
8388,Design
8389,Quality
8390,Quality
8392,Design
8393,Quality
8394,Quality
8395,Design
8396,Quality
8397,Design
8398,Quality
8400,Quality
8401,Design
8403,Design
8409,Design
8410,Quality
8413,Design
8415,Design
8417,Quality
8418,Design
8420,Other
8421,Price
8423,Quality
8424,Design
8425,Design
8427,Quality
8429,Quality
8430,Design
8434,Other
8436,Design
8438,Quality
8440,Design
8442,Design
8444,Quality
8451,Quality
8452,Quality
8453,Other
8455,Quality
8457,Other
8459,Quality
8461,Design
8463,Design
8465,Quality
8467,Design
8468,Other
8469,Quality
8470,Design
8471,Quality
8474,Design
8476,Quality
8477,Quality
8478,Other
8482,Other
8484,Design
8485,Design
8486,Design
8487,Design
8488,Design
8491,Design
8492,Design
8496,Service
8497,Design
8503,Design
8504,Other
8505,Other
8507,Design
8508,Design
8509,Design
8510,Design
8512,Design
8514,Other
8515,Other
8517,Other
8518,Other
8519,Design
8521,Design
8525,Design
8531,Quality
8532,Design
8533,Design
8534,Quality
8536,Quality
8538,Quality
8540,Design
8541,Design
8547,Design
8548,Quality
8550,Design
8551,Quality
8552,Design
8554,Price
8556,Design
8557,Design
8558,Design
8560,Design
8561,Quality
8562,Design
8563,Design
8564,Design
8565,Design
8566,Quality
8567,Quality
8568,Design
8569,Quality
8571,Quality
8573,Other
8576,Design
8578,Quality
8580,Quality
8581,Design
8582,Quality
8584,Design
8585,Quality
8587,Marketing
8588,Design
8589,Design
8590,Quality
8594,Design
8596,Quality
8598,Quality
8600,Design
8601,Quality
8602,Quality
8605,Design
8606,Other
8610,Design
8612,Design
8615,Quality
8617,Shipping
8618,Design
8619,Design
8620,Quality
8622,Design
8624,Other
8627,Design
8628,Design
8632,Design
8634,Quality
8636,Quality
8639,Quality
8640,Quality
8641,Quality
8643,Quality
8647,Design
8650,Design
8651,Design
8654,Design
8655,Design
8660,Design
8662,Quality
8665,Quality
8667,Quality
8669,Quality
8672,Design
8673,Other
8675,Shipping
8678,Other
8679,Design
8680,Quality
8681,Quality
8683,Other
8684,Shipping
8685,Design
8686,Design
8690,Design
8691,Quality
8693,Design
8694,Design
8695,Quality
8696,Quality
8699,Design
8700,Design
8701,Other
8702,Design
8703,Shipping
8705,Design
8712,Service
8715,Design
8716,Other
8717,Quality
8718,Design
8722,Design
8723,Other
8724,Other
8725,Quality
8728,Quality
8729,Design
8731,Design
8732,Quality
8733,Design
8735,Shipping
8737,Other
8739,Quality
8741,Design
8742,Quality
8744,Other
8745,Quality
8746,Design
8747,Shipping
8749,Design
8751,Other
8754,Design
8756,Service
8757,Quality
8762,Other
8766,Quality
8769,Design
8770,Quality
8774,Quality
8776,Design
8777,Design
8778,Design
8784,Design
8786,Design
8787,Design
8788,Other
8789,Design
8791,Quality
8793,Other
8794,Other
8797,Design
8798,Design
8800,Quality
8801,Quality
8802,Quality
8803,Other
8804,Quality
8805,Other
8810,Other
8811,Quality
8813,Quality
8814,Design
8818,Design
8819,Quality
8820,Quality
8821,Quality
8824,Design
8826,Quality
8827,Quality
8829,Quality
8830,Other
8831,Quality
8832,Quality
8833,Other
8835,Other
8836,Design
8838,Price
8841,Design
8842,Design
8844,Design
8847,Other
8848,Other
8853,Other
8854,Other
8856,Other
8860,Shipping
8861,Design
8862,Design
8863,Design
8864,Design
8866,Quality
8867,Design
8868,Design
8869,Design
8872,Design
8874,Design
8875,Other
8876,Quality
8877,Other
8878,Design
8879,Design
8880,Design
8881,Design
8884,Quality
8886,Other
8887,Design
8888,Quality
8889,Design
8891,Design
8893,Design
8895,Shipping
8896,Design
8900,Quality
8902,Other
8903,Design
8904,Design
8910,Quality
8911,Quality
8912,Quality
8913,Quality
8916,Quality
8918,Other
8920,Quality
8921,Other
8922,Design
8923,Design
8925,Quality
8928,Design
8931,Design
8932,Design
8934,Other
8937,Design
8938,Design
8939,Design
8940,Shipping
8943,Design
8944,Other
8945,Quality
8946,Design
8947,Quality
8948,Quality
8949,Quality
8950,Other
8951,Design
8952,Design
8954,Shipping
8955,Quality
8956,Quality
8957,Design
8958,Quality
8959,Other
8960,Quality
8961,Design
8963,Design
8967,Design
8969,Design
8971,Quality
8974,Design
8975,Design
8976,Design
8977,Quality
8980,Quality
8982,Quality
8987,Design
8988,Design
8991,Quality
8992,Service
8996,Design
8999,Design
9003,Quality
9004,Quality
9006,Design
9008,Design
9009,Quality
9011,Price
9012,Quality
9013,Other
9014,Quality
9017,Design
9019,Other
9020,Quality
9021,Design
9022,Design
9023,Other
9024,Other
9028,Design
9029,Quality
9030,Design
9032,Design
9033,Design
9037,Quality
9039,Design
9040,Quality
9042,Quality
9043,Quality
9044,Design
9045,Design
9047,Design
9048,Quality
9049,Quality
9051,Design
9052,Design
9054,Quality
9058,Design
9059,Design
9060,Design
9063,Design
9064,Design
9065,Design
9067,Quality
9068,Quality
9070,Design
9073,Quality
9075,Other
9077,Service
9078,Other
9079,Design
9081,Quality
9085,Other
9087,Design
9088,Quality
9092,Other
9094,Quality
9095,Design
9096,Other
9097,Other
9098,Other
9099,Other
9100,Quality
9103,Quality
9104,Design
9106,Quality
9110,Quality
9114,Quality
9115,Quality
9117,Design
9120,Shipping
9123,Quality
9125,Price
9126,Design
9127,Other
9130,Design
9132,Quality
9133,Design
9134,Quality
9138,Design
9139,Design
9141,Service
9144,Design
9147,Design
9149,Design
9150,Design
9151,Quality
9153,Service
9157,Design
9158,Design
9159,Design
9161,Quality
9162,Design
9163,Design
9164,Quality
9165,Design
9168,Quality
9169,Quality
9170,Quality
9171,Quality
9172,Quality
9174,Design
9179,Quality
9183,Quality
9185,Other
9186,Other
9187,Quality
9189,Quality
9191,Design
9193,Design
9194,Quality
9196,Quality
9200,Design
9202,Service
9207,Design
9208,Quality
9210,Quality
9212,Design
9214,Design
9215,Design
9217,Design
9218,Quality
9219,Quality
9221,Quality
9222,Design
9223,Quality
9225,Design
9228,Design
9229,Design
9231,Other
9234,Other
9236,Quality
9240,Quality
9241,Design
9242,Quality
9245,Quality
9246,Design
9248,Quality
9251,Design
9253,Quality
9254,Design
9256,Compatibility
9260,Quality
9262,Design
9264,Quality
9267,Quality
9269,Quality
9270,Quality
9271,Other
9273,Design
9279,Design
9280,Quality
9281,Design
9283,Other
9284,Quality
9286,Other
9287,Design
9291,Service
9292,Other
9294,Design
9296,Quality
9299,Design
9300,Design
9301,Quality
9303,Quality
9304,Quality
9306,Quality
9308,Quality
9309,Design
9314,Quality
9315,Design
9323,Quality
9324,Design
9329,Quality
9330,Design
9331,Quality
9334,Design
9335,Design
9337,Design
9338,Quality
9339,Design
9342,Other
9343,Design
9348,Other
9349,Design
9351,Design
9352,Design
9353,Other
9357,Design
9359,Quality
9360,Quality
9362,Design
9363,Design
9364,Quality
9366,Design
9367,Design
9369,Quality
9370,Design
9371,Design
9374,Quality
9376,Design
9377,Design
9378,Quality
9379,Design
9381,Other
9386,Quality
9387,Design
9390,Shipping
9394,Service
9395,Quality
9396,Design
9397,Quality
9398,Design
9399,Quality
9400,Shipping
9401,Quality
9402,Other
9404,Design
9406,Design
9407,Design
9408,Quality
9409,Design
9410,Quality
9412,Design
9413,Other
9414,Design
9415,Quality
9416,Quality
9418,Design
9422,Other
9423,Other
9424,Other
9427,Shipping
9428,Quality
9429,Design
9430,Design
9433,Price
9437,Design
9442,Quality
9443,Design
9445,Other
9448,Shipping
9451,Quality
9452,Quality
9453,Service
9454,Quality
9455,Design
9461,Design
9462,Quality
9463,Quality
9465,Design
9468,Design
9469,Design
9471,Service
9472,Design
9475,Design
9477,Quality
9478,Design
9479,Service
9480,Design
9481,Design
9485,Shipping
9486,Other
9488,Price
9490,Design
9491,Other
9493,Quality
9494,Other
9497,Other
9500,Design
9501,Other
9502,Quality
9503,Design
9505,Design
9508,Design
9511,Design
9515,Design
9516,Service
9517,Design
9518,Other
9521,Other
9522,Other
9523,Other
9524,Design
9526,Other
9528,Design
9530,Design
9532,Other
9533,Quality
9534,Design
9535,Design
9537,Design
9539,Design
9540,Quality
9545,Design
9549,Other
9554,Design
9556,Quality
9557,Quality
9558,Design
9559,Design
9560,Other
9562,Quality
9565,Design
9567,Design
9568,Design
9569,Other
9570,Other
9574,Quality
9578,Price
9579,Quality
9580,Quality
9582,Design
9583,Design
9587,Other
9588,Quality
9589,Other
9591,Design
9596,Design
9597,Shipping
9598,Quality
9599,Other
9602,Design
9603,Design
9604,Other
9607,Other
9610,Quality
9613,Other
9614,Design
9615,Design
9617,Design
9618,Design
9620,Quality
9621,Quality
9622,Quality
9623,Design
9624,Design
9625,Quality
9626,Design
9627,Design
9628,Quality
9630,Design
9632,Quality
9633,Design
9634,Quality
9636,Quality
9637,Quality
9638,Quality
9642,Other
9644,Design
9645,Design
9648,Design
9649,Design
9651,Quality
9652,Design
9653,Design
9654,Quality
9656,Design
9657,Quality
9658,Quality
9659,Quality
9661,Design
9662,Design
9664,Design
9665,Quality
9670,Quality
9672,Design
9673,Design
9674,Quality
9678,Design
9679,Quality
9680,Design
9682,Other
9685,Design
9688,Other
9689,Quality
9690,Quality
9691,Quality
9692,Design
9693,Design
9694,Design
9697,Other
9698,Quality
9701,Design
9706,Design
9709,Quality
9710,Quality
9713,Design
9717,Quality
9718,Design
9720,Design
9721,Design
9722,Quality
9723,Design
9724,Price
9725,Design
9728,Quality
9729,Design
9730,Design
9731,Quality
9732,Quality
9733,Service
9734,Design
9735,Design
9736,Other
9737,Quality
9739,Design
9742,Other
9743,Other
9746,Design
9748,Design
9750,Price
9751,Design
9752,Shipping
9753,Quality
9754,Design
9756,Service
9757,Quality
9758,Design
9760,Design
9764,Design
9767,Quality
9768,Design
9770,Design
9771,Design
9772,Quality
9773,Design
9776,Quality
9778,Quality
9780,Design
9781,Design
9783,Design
9785,Shipping
9786,Design
9788,Quality
9790,Design
9793,Design
9795,Design
9797,Quality
9798,Design
9803,Quality
9804,Design
9805,Quality
9812,Design
9818,Design
9819,Design
9822,Design
9823,Quality
9824,Design
9825,Shipping
9827,Design
9829,Quality
9831,Design
9832,Design
9833,Design
9837,Design
9838,Design
9840,Design
9841,Quality
9842,Design
9843,Other
9845,Design
9847,Design
9852,Design
9853,Design
9854,Design
9856,Design
9857,Design
9858,Quality
9859,Design
9863,Design
9864,Design
9866,Design
9867,Quality
9870,Design
9874,Design
9875,Quality
9876,Design
9879,Design
9881,Quality
9883,Design
9884,Other
9885,Quality
9886,Design
9887,Other
9889,Shipping
9891,Design
9892,Design
9893,Quality
9894,Design
9896,Design
9897,Design
9898,Other
9899,Design
9901,Service
9902,Design
9905,Quality
9906,Service
9907,Quality
9908,Quality
9909,Design
9910,Design
9912,Design
9914,Price
9916,Design
9917,Service
9918,Design
9920,Quality
9922,Design
9923,Quality
9924,Quality
9926,Design
9927,Design
9929,Design
9931,Other
9933,Design
9935,Other
9937,Quality
9941,Design
9942,Quality
9948,Other
9949,Design
9951,Other
9955,Design
9958,Other
9959,Design
9960,Quality
9962,Other
9963,Design
9964,Quality
9965,Design
9968,Other
9971,Quality
9972,Design
9973,Quality
9975,Quality
9976,Quality
9977,Design
9981,Quality
9982,Quality
9983,Design
9991,Other
9992,Service
9996,Design
9997,Quality
9998,Design
9999,Design
